{"cameraMode":{"drawMode":0,"name":"Shaded","section":"Shading Mode"},"sceneLighting":true,"audioPlay":false,"sceneViewState":{"showFog":true,"showMaterialUpdate":false,"showSkybox":true,"showFlares":true,"showImageEffects":true,"showParticleSystems":true},"in2DMode":false,"pivot":{"x":3.7111153602600099,"y":4.001145362854004,"z":-42.072959899902347},"rotation":{"x":-0.0003196234756615013,"y":-0.9993897080421448,"z":0.009304065257310868,"w":-0.03388594835996628},"size":18.455541610717775,"orthographic":false}