{"cameraMode":{"drawMode":0,"name":"Shaded","section":"Shading Mode"},"sceneLighting":true,"audioPlay":false,"sceneViewState":{"showFog":true,"showMaterialUpdate":false,"showSkybox":true,"showFlares":true,"showImageEffects":true,"showParticleSystems":true},"in2DMode":false,"pivot":{"x":0.9763319492340088,"y":5.919304847717285,"z":-14.625971794128418},"rotation":{"x":-0.00006817032408434898,"y":0.9997836947441101,"z":0.020689118653535844,"w":0.003299939213320613},"size":7.5843377113342289,"orthographic":false}